{"cameraMode":{"drawMode":0,"name":"Shaded","section":"Shading Mode"},"sceneLighting":true,"audioPlay":false,"sceneViewState":{"showFog":true,"showMaterialUpdate":false,"showSkybox":true,"showFlares":true,"showImageEffects":true,"showParticleSystems":true},"in2DMode":false,"pivot":{"x":959.658447265625,"y":540.2108154296875,"z":0.4419900178909302},"rotation":{"x":-0.11819449812173844,"y":0.8152541518211365,"z":-0.1791502982378006,"w":-0.5378640294075012},"size":0.07614751905202866,"orthographic":false}